,precision,recall,f1-score,support
0,0.75,0.4,0.5217391304347826,15.0
1,0.847457627118644,0.9615384615384616,0.9009009009009009,52.0
accuracy,0.835820895522388,0.835820895522388,0.835820895522388,0.835820895522388
macro avg,0.798728813559322,0.6807692307692308,0.7113200156678418,67.0
weighted avg,0.825638755375664,0.835820895522388,0.8160139373637102,67.0
