,precision,recall,f1-score,support
0,0.9318181818181818,0.8367346938775511,0.8817204301075269,49.0
1,0.8297872340425532,0.9285714285714286,0.8764044943820225,42.0
accuracy,0.8791208791208791,0.8791208791208791,0.8791208791208791,0.8791208791208791
macro avg,0.8808027079303675,0.8826530612244898,0.8790624622447747,91.0
weighted avg,0.8847269751525071,0.8791208791208791,0.8792669213111401,91.0
