,precision,recall,f1-score,support
0,0.85,0.6938775510204082,0.7640449438202247,49.0
1,0.7058823529411765,0.8571428571428571,0.7741935483870968,42.0
accuracy,0.7692307692307693,0.7692307692307693,0.7692307692307693,0.7692307692307693
macro avg,0.7779411764705882,0.7755102040816326,0.7691192461036607,91.0
weighted avg,0.7834841628959276,0.7692307692307693,0.768728915158781,91.0
